champion,champion_name_normalized,pickrate,winrate,champion_key,banrate,total_games,lane,patch,elo,source_url,extraction_date,top_pool_appearances,top_pool_share,best_top_pool_rank,mean_top_pool_rank,blind_score,selection_advantage,observed_mix_weighted_advantage,general_mix_weighted_advantage,positive_selection_component,negative_selection_component,mean_absolute_frequency_delta,max_enrichment_ratio,recorded_matchup_games,recorded_matchup_coverage,top_positive_matchups,top_negative_matchups,exclusion_score_drop,exclusion_relative_score_drop,best_pool_after_exclusion,lolalytics_pickrate,lolalytics_breadth,lolalytics_depth,lolalytics_classification,specialist_heuristic_flag,low_mid_presence_flag,pickrate_relative_difference,pickrate_sources_agree_within_20pct,best_pool_matchups_covered,best_pool_enemy_frequency_covered,best_pool_marginal_lift,best_pool_top5_marginal_lift_share,best_pool_marginal_lift_hhi,best_pool_effective_matchups,best_pool_median_matchup_games,best_pool_min_matchup_games,top_pool_slot_share,candidate_pickrate_share,importance_to_pickrate_ratio,best_pool_member,estimator
Sion,sion,0.0104,0.5376,sion,0.0116,19539,mid,16.07,plat_plus,https://op.gg/lol/champions/sion/build/mid?region=global&tier=platinum_plus&patch=16.07,2026-04-07,99,0.99,1.0,50.282828282828284,0.5209103410521649,0.00516395436649062,3.1008182133085427e-17,-0.005163954366490589,0.00621784719699904,-0.001053892830508421,0.003936431620354274,1.9927397464136938,15583.0,0.7975331388505041,Malzahar:0.0031; Zed:0.0009; Ahri:0.0005; Veigar:0.0003; Syndra:0.0002,Yasuo:-0.0003; Mel:-0.0002; Xerath:-0.0001; Aurelion Sol:-0.0001; Kassadin:-0.0001,0.004718740657168596,0.008701197225785792,"Nasus, Pantheon, Xerath",0.0104,1.19,0.98,broad,False,False,0.0,True,21,0.4656151616651709,0.012045397096967612,0.591014909587411,0.12593941236797673,7.940326075828787,266.0,38.0,0.33,0.005588393336915637,59.050961538461536,True,eb
Pantheon,pantheon,0.0086,0.5251,pantheon,0.018000000000000002,16143,mid,16.07,plat_plus,https://op.gg/lol/champions/pantheon/build/mid?region=global&tier=platinum_plus&patch=16.07,2026-04-07,31,0.31,1.0,35.38709677419355,0.5124295251872716,0.006936302575819318,-4.206704429243757e-17,-0.006936302575819359,0.00806397591446588,-0.0011276733386465646,0.006185634898766203,2.3900328662937844,12410.0,0.7687542588118689,Yasuo:0.0021; Ahri:0.0009; Kassadin:0.0005; Yone:0.0004; Lissandra:0.0004,Katarina:-0.0006; Mel:-0.0002; Twisted Fate:-0.0001; Fizz:-0.0001; Xerath:-0.0001,0.002358062755320134,0.004348187492281431,"Aurelion Sol, Sion, Vex",0.0087,1.77,0.95,broad,False,True,0.011560693641618427,True,12,0.22556260699912759,0.008101309075730895,0.8156450692500121,0.163932207872438,6.100082546183595,210.5,33.0,0.10333333333333333,0.0046211714132187,22.360852713178293,True,eb
Xerath,xerath,0.057699999999999994,0.5228,xerath,0.0915,107160,mid,16.07,plat_plus,https://op.gg/lol/champions/xerath/build/mid?region=global&tier=platinum_plus&patch=16.07,2026-04-07,19,0.19,1.0,42.94736842105263,0.5136981477903475,0.0032114241383936247,-6.440160904563896e-17,-0.0032114241383936894,0.003611548694093863,-0.00040012455570023774,0.003404338671334516,1.5513177392234492,86940.0,0.8113101903695409,Mel:0.0010; Viktor:0.0004; Azir:0.0003; Akali:0.0003; Syndra:0.0002,Ryze:-0.0001; Fizz:-0.0001; Smolder:-0.0001; Galio:-0.0000; Qiyana:-0.0000,0.0004751802234250757,0.0008762161649069019,"Aurelion Sol, Pantheon, Sion",0.0579,2.07,1.01,popular,False,False,0.003460207612456847,True,19,0.3088222313357015,0.009207867871147742,0.6065675728748443,0.09939154944654237,10.061217533768792,1335.0,277.0,0.06333333333333334,0.031004836109618485,2.0426920854997115,True,eb
Akshan,akshan,0.0248,0.5109,akshan,0.0241,46043,mid,16.07,plat_plus,https://op.gg/lol/champions/akshan/build/mid?region=global&tier=platinum_plus&patch=16.07,2026-04-07,17,0.17,6.0,51.411764705882355,0.5050444620308384,-0.0001460104199440242,-7.762887554996212e-17,0.00014601041994394658,0.000928967811891778,-0.001074978231835801,0.001694523112421239,2.272145322161614,37430.0,0.8129357339877941,Yasuo:0.0004; Cassiopeia:0.0001; Ahri:0.0001; LeBlanc:0.0001; Fizz:0.0000,Malphite:-0.0002; Diana:-0.0002; Sylas:-0.0002; Vex:-0.0001; Anivia:-0.0001,0.0,0.0,"Pantheon, Sion, Xerath",0.0242,0.53,1.33,niche,True,False,0.02448979591836734,True,0,0.0,0.0,,,,,,0.056666666666666664,0.013326168726491136,4.252284946236558,False,eb
Aurelion Sol,aurelionsol,0.0305,0.5214,aurelionsol,0.0124,56607,mid,16.07,plat_plus,https://op.gg/lol/champions/aurelionsol/build/mid?region=global&tier=platinum_plus&patch=16.07,2026-04-07,17,0.17,2.0,46.0,0.5117920905624045,0.0006086446273486654,1.3010426069826053e-17,-0.0006086446273486524,0.001589367023646839,-0.0009807223962981736,0.00240873484573994,1.4364440995401935,44979.0,0.7945837087286025,Mel:0.0005; Zed:0.0002; Ahri:0.0002; Akali:0.0001; Orianna:0.0001,Yone:-0.0004; Naafiri:-0.0001; Galio:-0.0001; Fizz:-0.0001; Talon:-0.0001,0.0,0.0,"Pantheon, Sion, Xerath",0.0304,0.83,1.28,niche,True,False,0.0032840722495894713,True,0,0.0,0.0,,,,,,0.056666666666666664,0.016389038151531435,3.4575956284153,False,eb
Fizz,fizz,0.051399999999999994,0.5179,fizz,0.0758,95059,mid,16.07,plat_plus,https://op.gg/lol/champions/fizz/build/mid?region=global&tier=platinum_plus&patch=16.07,2026-04-07,12,0.12,4.0,50.833333333333336,0.5124032350106817,-0.00047196202186311183,2.970713952610282e-17,0.00047196202186314154,0.0008208715073188701,-0.0012928335291819812,0.0024586397509940307,1.4672085119289968,73880.0,0.7772015274724119,Mel:0.0003; Syndra:0.0002; Akali:0.0001; Cassiopeia:0.0000; Xerath:0.0000,Lissandra:-0.0003; Galio:-0.0002; Diana:-0.0001; Smolder:-0.0001; Yone:-0.0001,0.0,0.0,"Pantheon, Sion, Xerath",0.0524,1.56,1.17,popular,True,False,0.01926782273603098,True,0,0.0,0.0,,,,,,0.04,0.027619559376679204,1.4482490272373543,False,eb
Vel'Koz,velkoz,0.011899999999999999,0.5183,velkoz,0.013600000000000001,22030,mid,16.07,plat_plus,https://op.gg/lol/champions/velkoz/build/mid?region=global&tier=platinum_plus&patch=16.07,2026-04-07,12,0.12,3.0,61.666666666666664,0.5063273923942383,-0.0003444581441160253,-1.214306433183765e-16,0.00034445814411590385,0.0010921521076840115,-0.0014366102518000368,0.0027250079944954723,1.5472880989389393,17800.0,0.807989105764866,Veigar:0.0002; Irelia:0.0001; Lux:0.0001; Akali:0.0001; Hwei:0.0001,Xerath:-0.0003; Talon:-0.0003; Sylas:-0.0002; Ekko:-0.0001; Ryze:-0.0001,0.0,0.0,"Pantheon, Sion, Xerath",0.0118,1.01,1.33,popular,True,False,0.008438818565400793,True,0,0.0,0.0,,,,,,0.04,0.006394411606663084,6.25546218487395,False,eb
Katarina,katarina,0.0662,0.506,katarina,0.09570000000000001,122886,mid,16.07,plat_plus,https://op.gg/lol/champions/katarina/build/mid?region=global&tier=platinum_plus&patch=16.07,2026-04-07,11,0.11,5.0,67.0,0.5038628317350412,-0.0015635112272170898,-3.707971429900425e-17,0.0015635112272170527,0.0005345168535884175,-0.0020980280808055073,0.002550107061752642,1.4734246009734255,97447.0,0.7929869960776654,Viktor:0.0002; Zed:0.0000; Twisted Fate:0.0000; Anivia:0.0000; Kassadin:0.0000,Vex:-0.0003; Orianna:-0.0002; Diana:-0.0002; Lissandra:-0.0002; Syndra:-0.0002,0.0,0.0,"Pantheon, Sion, Xerath",0.0658,1.39,1.5,popular,True,False,0.006060606060606023,True,0,0.0,0.0,,,,,,0.03666666666666667,0.03557227297152069,1.0307653575025175,False,eb
Anivia,anivia,0.0332,0.5186999999999999,anivia,0.03,61657,mid,16.07,plat_plus,https://op.gg/lol/champions/anivia/build/mid?region=global&tier=platinum_plus&patch=16.07,2026-04-07,7,0.07,14.0,54.714285714285715,0.5142620397429556,-0.0004957667846738698,-3.7730235602495554e-17,0.0004957667846738321,0.0006605128746455814,-0.001156279659319451,0.0018543103276440955,1.6570807344637268,50449.0,0.8182201534294565,Ryze:0.0002; Vladimir:0.0001; Lissandra:0.0001; Azir:0.0000; Akshan:0.0000,Xerath:-0.0003; Aurelion Sol:-0.0002; Sylas:-0.0001; Viktor:-0.0001; Vex:-0.0001,0.0,0.0,"Pantheon, Sion, Xerath",0.0331,0.89,1.05,niche,True,False,0.003016591251885456,True,0,0.0,0.0,,,,,,0.023333333333333334,0.017839871037076842,1.3079317269076305,False,eb
Malzahar,malzahar,0.0758,0.521,malzahar,0.1233,140607,mid,16.07,plat_plus,https://op.gg/lol/champions/malzahar/build/mid?region=global&tier=platinum_plus&patch=16.07,2026-04-07,7,0.07,20.0,48.142857142857146,0.5123373271298907,-0.0012185607081127072,2.5370330836160804e-17,0.0012185607081127326,0.0009112659982617253,-0.002129826706374432,0.0026487393828614177,5.871014643060663,109308.0,0.7774008406409354,LeBlanc:0.0001; Yasuo:0.0001; Annie:0.0001; Fizz:0.0001; Lissandra:0.0001,Sion:-0.0006; Smolder:-0.0003; Sylas:-0.0002; Aurelion Sol:-0.0002; Orianna:-0.0002,0.0,0.0,"Pantheon, Sion, Xerath",0.0766,1.99,1.23,popular,True,False,0.01049868766404193,True,0,0.0,0.0,,,,,,0.023333333333333334,0.04073078989790436,0.5728671943711521,False,eb
Swain,swain,0.011399999999999999,0.5188,swain,0.0375,21200,mid,16.07,plat_plus,https://op.gg/lol/champions/swain/build/mid?region=global&tier=platinum_plus&patch=16.07,2026-04-07,7,0.07,16.0,43.142857142857146,0.5034718369680327,0.0016259017762028968,5.616167253474913e-17,-0.0016259017762028406,0.0023306369420367503,-0.0007047351658338538,0.002937267202630658,1.4357613690864175,16758.0,0.7904716981132075,Katarina:0.0006; Kassadin:0.0002; LeBlanc:0.0002; Fizz:0.0002; Sylas:0.0002,Vex:-0.0002; Orianna:-0.0001; Brand:-0.0001; Malzahar:-0.0001; Cassiopeia:-0.0001,0.0,0.0,"Pantheon, Sion, Xerath",0.0113,1.62,1.07,popular,False,False,0.008810572687224617,True,0,0.0,0.0,,,,,,0.023333333333333334,0.006125738850080602,3.8090643274853804,False,eb
Veigar,veigar,0.0495,0.5211,veigar,0.024300000000000002,92118,mid,16.07,plat_plus,https://op.gg/lol/champions/veigar/build/mid?region=global&tier=platinum_plus&patch=16.07,2026-04-07,7,0.07,22.0,44.285714285714285,0.5109166151511865,-0.0008335194372992337,1.1622647289044608e-16,0.00083351943729935,0.0005882361185274471,-0.0014217555558266814,0.002021952746701218,1.2702032347563934,70989.0,0.7706311470070996,LeBlanc:0.0001; Zed:0.0001; Mel:0.0001; Qiyana:0.0001; Irelia:0.0000,Galio:-0.0002; Fizz:-0.0001; Sylas:-0.0001; Xerath:-0.0001; Aurelion Sol:-0.0001,0.0,0.0,"Pantheon, Sion, Xerath",0.0504,2.08,1.05,popular,False,False,0.01801801801801798,True,0,0.0,0.0,,,,,,0.023333333333333334,0.026598602901665776,0.8772390572390572,False,eb
Morgana,morgana,0.0063,0.5152,morgana,0.193,11688,mid,16.07,plat_plus,https://op.gg/lol/champions/morgana/build/mid?region=global&tier=platinum_plus&patch=16.07,2026-04-07,6,0.06,33.0,63.166666666666664,0.5060803646444116,0.0010559606390481528,1.3183898417423734e-16,-0.001055960639048021,0.0020688807649429444,-0.0010129201258947914,0.0026717306211596174,2.0860711333351034,9037.0,0.773186173853525,Zoe:0.0009; Mel:0.0003; Lux:0.0002; Zed:0.0001; Lissandra:0.0001,Malzahar:-0.0002; Ahri:-0.0001; Anivia:-0.0001; Talon:-0.0001; Ryze:-0.0001,0.0,0.0,"Pantheon, Sion, Xerath",0.0063,2.04,0.92,broad,False,True,0.0,True,0,0.0,0.0,,,,,,0.02,0.0033852767329392804,5.907936507936507,False,eb
Nasus,nasus,0.0067,0.5229,nasus,0.0583,12440,mid,16.07,plat_plus,https://op.gg/lol/champions/nasus/build/mid?region=global&tier=platinum_plus&patch=16.07,2026-04-07,6,0.06,21.0,63.666666666666664,0.5116786522857103,0.002487046961913263,-5.377642775528102e-17,-0.002487046961913317,0.0032587830639107663,-0.0007717361019975033,0.003044465578528341,1.6855147948403104,9646.0,0.7754019292604502,Zed:0.0012; Lux:0.0004; LeBlanc:0.0003; Lissandra:0.0003; Kassadin:0.0002,Zoe:-0.0001; Hwei:-0.0001; Orianna:-0.0001; Mel:-0.0001; Xerath:-0.0001,0.0,0.0,"Pantheon, Sion, Xerath",0.0066,1.63,0.95,broad,False,True,0.015037593984962447,True,0,0.0,0.0,,,,,,0.02,0.0036002149382052665,5.555223880597014,False,eb
Vex,vex,0.0344,0.52,vex,0.038,64123,mid,16.07,plat_plus,https://op.gg/lol/champions/vex/build/mid?region=global&tier=platinum_plus&patch=16.07,2026-04-07,6,0.06,7.0,37.833333333333336,0.5079344467209299,0.002614388358217281,-7.654467337747661e-17,-0.0026143883582173573,0.003200849488049707,-0.0005864611298324251,0.003217102187224094,1.7645338442296108,50955.0,0.7946446672800711,LeBlanc:0.0008; Katarina:0.0004; Akali:0.0002; Yasuo:0.0002; Viktor:0.0002,Galio:-0.0001; Ahri:-0.0001; Smolder:-0.0001; Ryze:-0.0001; Veigar:-0.0000,0.0,0.0,"Pantheon, Sion, Xerath",0.0342,0.91,1.05,niche,True,False,0.005830903790087429,True,0,0.0,0.0,,,,,,0.02,0.0184846856528748,1.0819767441860464,False,eb
Annie,annie,0.0232,0.5231,annie,0.0060999999999999995,43174,mid,16.07,plat_plus,https://op.gg/lol/champions/annie/build/mid?region=global&tier=platinum_plus&patch=16.07,2026-04-07,5,0.05,15.0,52.4,0.5117912908228193,0.0007983317037746059,9.161508357502512e-17,-0.0007983317037745142,0.0014776289306275671,-0.000679297226852961,0.002061060871456787,1.3883652550226966,34748.0,0.8048362440357623,Yasuo:0.0007; Aurelion Sol:0.0001; Malphite:0.0001; Fizz:0.0001; Katarina:0.0001,Ahri:-0.0001; Sylas:-0.0001; Lissandra:-0.0001; Ryze:-0.0001; Smolder:-0.0000,0.0,0.0,"Pantheon, Sion, Xerath",0.0233,0.55,0.85,unpopular,False,False,0.0043010752688173275,True,0,0.0,0.0,,,,,,0.016666666666666666,0.01246641590542719,1.3369252873563218,False,eb
Malphite,malphite,0.0092,0.5216,malphite,0.20879999999999999,17152,mid,16.07,plat_plus,https://op.gg/lol/champions/malphite/build/mid?region=global&tier=platinum_plus&patch=16.07,2026-04-07,4,0.04,83.0,87.75,0.5003050477205478,0.014548527756771833,-4.9873299934333204e-17,-0.014548527756771883,0.01652037007783517,-0.0019718423210633353,0.01024432252894014,4.12806047811657,13187.0,0.7688316231343284,Zed:0.0069; Yasuo:0.0012; Irelia:0.0006; Naafiri:0.0005; Malzahar:0.0005,Sylas:-0.0014; Galio:-0.0001; Azir:-0.0001; Annie:-0.0001; Lissandra:-0.0001,0.0,0.0,"Pantheon, Sion, Xerath",0.009300000000000001,2.47,0.85,broad,False,True,0.010810810810810931,True,0,0.0,0.0,,,,,,0.013333333333333334,0.004943578721117679,2.697101449275362,False,eb
Naafiri,naafiri,0.023399999999999997,0.5108,naafiri,0.16760000000000003,43443,mid,16.07,plat_plus,https://op.gg/lol/champions/naafiri/build/mid?region=global&tier=platinum_plus&patch=16.07,2026-04-07,4,0.04,10.0,52.5,0.503971315253578,-0.0003190756940054543,2.42861286636753e-17,0.00031907569400547856,0.0008104537105401364,-0.0011295294045455904,0.0013107509859117056,1.6174774932191507,33531.0,0.7718389613976935,Zoe:0.0002; Aurelion Sol:0.0001; LeBlanc:0.0001; Vladimir:0.0001; Malzahar:0.0001,Malphite:-0.0003; Yone:-0.0002; Lissandra:-0.0001; Mel:-0.0001; Sylas:-0.0001,0.0,0.0,"Pantheon, Sion, Xerath",0.0235,1.71,1.18,popular,True,False,0.004264392324093939,True,0,0.0,0.0,,,,,,0.013333333333333334,0.012573885008060183,1.0603988603988606,False,eb
Diana,diana,0.038,0.518,diana,0.059000000000000004,70931,mid,16.07,plat_plus,https://op.gg/lol/champions/diana/build/mid?region=global&tier=platinum_plus&patch=16.07,2026-04-07,3,0.03,12.0,53.666666666666664,0.5106689379682137,4.936198368494897e-06,4.7596475372113645e-17,-4.936198368447301e-06,0.0008487974941249849,-0.0008438612957564897,0.0018767102816374909,1.3754470602486373,55446.0,0.7816892472966686,Katarina:0.0002; Fizz:0.0001; Yasuo:0.0001; Akshan:0.0001; Twisted Fate:0.0001,Galio:-0.0002; Ryze:-0.0002; Smolder:-0.0001; Sylas:-0.0001; Kassadin:-0.0000,0.0,0.0,"Pantheon, Sion, Xerath",0.0384,1.85,1.08,popular,False,False,0.010471204188481612,True,0,0.0,0.0,,,,,,0.01,0.020419129500268675,0.48973684210526314,False,eb
Lissandra,lissandra,0.051500000000000004,0.5184000000000001,lissandra,0.0232,95790,mid,16.07,plat_plus,https://op.gg/lol/champions/lissandra/build/mid?region=global&tier=platinum_plus&patch=16.07,2026-04-07,3,0.03,46.0,56.333333333333336,0.5127466994079836,0.001954665951473532,-6.06069014419397e-17,-0.0019546659514735926,0.0023604266775083915,-0.0004057607260348592,0.002814625121749552,1.3998296553834186,77493.0,0.8089884121515816,Yasuo:0.0008; Akali:0.0003; Twisted Fate:0.0001; Talon:0.0001; Malzahar:0.0001,Yone:-0.0001; Orianna:-0.0001; Taliyah:-0.0000; Mel:-0.0000; Azir:-0.0000,0.0,0.0,"Pantheon, Sion, Xerath",0.051,0.98,1.0,niche,True,False,0.009756097560975754,True,0,0.0,0.0,,,,,,0.01,0.027673293927995706,0.3613592233009708,False,eb
Brand,brand,0.0116,0.5178,brand,0.0359,21704,mid,16.07,plat_plus,https://op.gg/lol/champions/brand/build/mid?region=global&tier=platinum_plus&patch=16.07,2026-04-07,2,0.02,24.0,59.5,0.5059778877440101,-0.0008271375808623908,-1.0950441942103595e-17,0.0008271375808623798,0.0006450565642645986,-0.0014721941451269892,0.002152316951235289,1.4357828830615904,16717.0,0.7702266863251014,Irelia:0.0001; Katarina:0.0001; Viktor:0.0001; Mel:0.0001; Swain:0.0001,Lux:-0.0002; Taliyah:-0.0001; Lissandra:-0.0001; Zed:-0.0001; Yasuo:-0.0001,0.0,0.0,"Pantheon, Sion, Xerath",0.0118,1.6,1.01,popular,False,False,0.01709401709401714,True,0,0.0,0.0,,,,,,0.006666666666666667,0.006233207952713595,1.0695402298850576,False,eb
Hwei,hwei,0.0323,0.5073,hwei,0.0151,60029,mid,16.07,plat_plus,https://op.gg/lol/champions/hwei/build/mid?region=global&tier=platinum_plus&patch=16.07,2026-04-07,2,0.02,13.0,54.5,0.5010387289800275,0.00022813474763208575,-1.929879867024198e-17,-0.00022813474763210505,0.0013352341884013141,-0.0011070994407692283,0.0021365745598328502,1.397472058407941,48634.0,0.8101750820436789,Yasuo:0.0002; Azir:0.0002; Zed:0.0002; Katarina:0.0002; Galio:0.0002,Xerath:-0.0004; Sylas:-0.0001; Viktor:-0.0001; Smolder:-0.0001; Malphite:-0.0001,0.0,0.0,"Pantheon, Sion, Xerath",0.0319,0.77,1.19,niche,True,False,0.012461059190031293,True,0,0.0,0.0,,,,,,0.006666666666666667,0.017356260075228374,0.38410732714138285,False,eb
Lux,lux,0.0426,0.5144,lux,0.051500000000000004,79024,mid,16.07,plat_plus,https://op.gg/lol/champions/lux/build/mid?region=global&tier=platinum_plus&patch=16.07,2026-04-07,2,0.02,62.0,76.5,0.5083360777512872,-0.0010696293491201114,6.7220534694101275e-18,0.0010696293491201181,0.0003739784728333789,-0.0014436078219534907,0.0023107569039755105,1.452188944899132,62042.0,0.785103259769184,Sion:0.0001; Malphite:0.0000; Taliyah:0.0000; Malzahar:0.0000; Yasuo:0.0000,Xerath:-0.0003; Sylas:-0.0002; Ryze:-0.0002; Ahri:-0.0001; Yone:-0.0001,0.0,0.0,"Pantheon, Sion, Xerath",0.043,3.73,1.08,popular,False,False,0.009345794392523308,True,0,0.0,0.0,,,,,,0.006666666666666667,0.022890918860827513,0.2912363067292645,False,eb
Qiyana,qiyana,0.0199,0.498,qiyana,0.0147,36993,mid,16.07,plat_plus,https://op.gg/lol/champions/qiyana/build/mid?region=global&tier=platinum_plus&patch=16.07,2026-04-07,2,0.02,37.0,65.0,0.49604824109675993,-0.0006821630608752552,-1.1058862159352145e-17,0.0006821630608752441,0.00046027805183674654,-0.0011424411127120017,0.0019362143488119393,2.088204332204316,30353.0,0.8205065823263861,Malzahar:0.0001; Xerath:0.0001; Akali:0.0001; Zed:0.0000; Ryze:0.0000,Malphite:-0.0002; Syndra:-0.0001; Veigar:-0.0001; Yone:-0.0001; Katarina:-0.0001,0.0,0.0,"Pantheon, Sion, Xerath",0.02,0.5,1.26,niche,True,False,0.005012531328320771,True,0,0.0,0.0,,,,,,0.006666666666666667,0.010693175711982807,0.6234505862646565,False,eb
Ekko,ekko,0.0302,0.5072,ekko,0.024900000000000002,56030,mid,16.07,plat_plus,https://op.gg/lol/champions/ekko/build/mid?region=global&tier=platinum_plus&patch=16.07,2026-04-07,1,0.01,52.0,52.0,0.5026967389170803,-1.2053343902099765e-05,1.1384122811097797e-17,1.2053343902111149e-05,0.0005402648176917796,-0.0005523181615938791,0.0016436960673798147,1.289363869217202,44301.0,0.7906657147956452,Zed:0.0002; Akali:0.0001; Twisted Fate:0.0001; Syndra:0.0000; Cho'Gath:0.0000,Sylas:-0.0001; Orianna:-0.0001; Aurora:-0.0001; Smolder:-0.0001; Yasuo:-0.0000,0.0,0.0,"Pantheon, Sion, Xerath",0.0302,1.48,1.13,popular,False,False,0.0,True,0,0.0,0.0,,,,,,0.0033333333333333335,0.016227834497581948,0.2054083885209713,False,eb
Irelia,irelia,0.0273,0.5023,irelia,0.1369,50744,mid,16.07,plat_plus,https://op.gg/lol/champions/irelia/build/mid?region=global&tier=platinum_plus&patch=16.07,2026-04-07,1,0.01,40.0,40.0,0.49778374114860197,-0.00011948864257687339,-3.946495907847236e-17,0.00011948864257683392,0.0009443738423628324,-0.0010638624849397067,0.0017337317829872391,2.029910432520857,39233.0,0.773155446949393,Vladimir:0.0002; Fizz:0.0001; Yone:0.0001; Galio:0.0001; Naafiri:0.0000,Malphite:-0.0003; Akali:-0.0002; Twisted Fate:-0.0001; Smolder:-0.0001; Vel'Koz:-0.0001,0.0,0.0,"Pantheon, Sion, Xerath",0.0275,1.54,1.11,popular,False,False,0.007299270072992656,True,0,0.0,0.0,,,,,,0.0033333333333333335,0.01466953250940355,0.2272283272283272,False,eb
Kassadin,kassadin,0.024700000000000003,0.5004,kassadin,0.0287,45775,mid,16.07,plat_plus,https://op.gg/lol/champions/kassadin/build/mid?region=global&tier=platinum_plus&patch=16.07,2026-04-07,1,0.01,67.0,67.0,0.4991300742524637,-0.00020078185469224957,-4.2392304944183223e-17,0.00020078185469220717,0.0011303462365928308,-0.00133112809128508,0.002575966502023432,1.8780576453761761,36941.0,0.8070125614418351,Zed:0.0005; Diana:0.0001; Malzahar:0.0001; LeBlanc:0.0001; Vex:0.0001,Pantheon:-0.0003; Katarina:-0.0001; Yone:-0.0001; Swain:-0.0001; Mel:-0.0001,0.0,0.0,"Pantheon, Sion, Xerath",0.0245,0.45,0.96,unpopular,False,False,0.0081300813008131,True,0,0.0,0.0,,,,,,0.0033333333333333335,0.01327243417517464,0.25114709851551953,False,eb
LeBlanc,leblanc,0.0433,0.5034000000000001,leblanc,0.14429999999999998,80556,mid,16.07,plat_plus,https://op.gg/lol/champions/leblanc/build/mid?region=global&tier=platinum_plus&patch=16.07,2026-04-07,1,0.01,30.0,30.0,0.4963747823500392,-0.0017203014671230035,5.2258544713801314e-17,0.0017203014671230558,0.00042372125013748603,-0.0021440227172604895,0.002119213477816742,1.7555374244682744,64731.0,0.8035528079845077,Yasuo:0.0001; Mel:0.0001; Galio:0.0001; Ahri:0.0001; Fizz:0.0001,Vex:-0.0007; Malzahar:-0.0003; Yone:-0.0002; Lissandra:-0.0001; Veigar:-0.0001,0.0,0.0,"Pantheon, Sion, Xerath",0.0436,1.01,0.97,broad,False,False,0.006904487917146183,True,0,0.0,0.0,,,,,,0.0033333333333333335,0.02326706072004299,0.1432640492686682,False,eb
Mel,mel,0.0667,0.4868,mel,0.3774,124171,mid,16.07,plat_plus,https://op.gg/lol/champions/mel/build/mid?region=global&tier=platinum_plus&patch=16.07,2026-04-07,1,0.01,92.0,92.0,0.4802048660525189,-0.0007643713701262194,-8.196568423990414e-17,0.0007643713701261374,0.0016424919257270745,-0.002406863295853295,0.002901668408483006,1.5447816481735366,98143.0,0.7903858388834752,Ahri:0.0010; Zoe:0.0002; Akali:0.0001; Zed:0.0001; Yasuo:0.0001,Xerath:-0.0008; Aurelion Sol:-0.0002; Viktor:-0.0002; Fizz:-0.0001; LeBlanc:-0.0001,0.0,0.0,"Pantheon, Sion, Xerath",0.0669,3.04,1.08,popular,False,False,0.0029940119760479902,True,0,0.0,0.0,,,,,,0.0033333333333333335,0.035840945728103174,0.09300349825087456,False,eb
Twisted Fate,twistedfate,0.0432,0.5112,twistedfate,0.009000000000000001,80542,mid,16.07,plat_plus,https://op.gg/lol/champions/twistedfate/build/mid?region=global&tier=platinum_plus&patch=16.07,2026-04-07,1,0.01,81.0,81.0,0.5057413778715872,0.0005831827938550612,-4.0223900599212215e-17,-0.0005831827938551015,0.0011562143192723755,-0.0005730315254173148,0.0023025214277317403,1.3022237245899615,65499.0,0.8132278811055101,Ryze:0.0002; Yasuo:0.0001; Akali:0.0001; Orianna:0.0001; Azir:0.0001,Sylas:-0.0002; Xerath:-0.0001; Malphite:-0.0001; Lissandra:-0.0000; Zed:-0.0000,0.0,0.0,"Pantheon, Sion, Xerath",0.0432,0.79,1.01,niche,True,False,0.0,True,0,0.0,0.0,,,,,,0.0033333333333333335,0.023213326168726494,0.14359567901234568,False,eb
Viktor,viktor,0.0729,0.5127,viktor,0.0392,135546,mid,16.07,plat_plus,https://op.gg/lol/champions/viktor/build/mid?region=global&tier=platinum_plus&patch=16.07,2026-04-07,1,0.01,32.0,32.0,0.5071186281517588,-0.000604858006760086,-5.074066167232161e-17,0.0006048580067600352,0.0008539594818507398,-0.0014588174886108257,0.002426590846043041,1.4895032337310112,110592.0,0.8159001372227879,Mel:0.0002; Ryze:0.0001; Akali:0.0001; Fizz:0.0001; Azir:0.0001,Xerath:-0.0007; Yasuo:-0.0002; Katarina:-0.0001; Smolder:-0.0001; Orianna:-0.0001,0.0,0.0,"Pantheon, Sion, Xerath",0.0727,1.27,1.03,popular,False,False,0.002747252747252826,True,0,0.0,0.0,,,,,,0.0033333333333333335,0.03917248790972596,0.08509373571101965,False,eb
Zed,zed,0.0682,0.4991,zed,0.23370000000000002,127060,mid,16.07,plat_plus,https://op.gg/lol/champions/zed/build/mid?region=global&tier=platinum_plus&patch=16.07,2026-04-07,1,0.01,70.0,70.0,0.49819922263087063,-0.0029960637451085926,-2.1250362580715887e-17,0.0029960637451085714,0.0003808497926389176,-0.003376913537747511,0.0032205003526772614,3.9958859891030536,100910.0,0.7941917204470329,Talon:0.0001; Anivia:0.0001; Yasuo:0.0000; Xerath:0.0000; Malzahar:0.0000,Malphite:-0.0010; Mel:-0.0003; Kassadin:-0.0002; Sion:-0.0002; Galio:-0.0002,0.0,0.0,"Pantheon, Sion, Xerath",0.0688,2.0,1.06,popular,False,False,0.008759124087591288,True,0,0.0,0.0,,,,,,0.0033333333333333335,0.03664696399785062,0.09095796676441838,False,eb
Ziggs,ziggs,0.0096,0.5089,ziggs,0.0049,17943,mid,16.07,plat_plus,https://op.gg/lol/champions/ziggs/build/mid?region=global&tier=platinum_plus&patch=16.07,2026-04-07,1,0.01,68.0,68.0,0.4996786079947055,-0.00035148905561053784,2.168404344971009e-17,0.00035148905561055953,0.0015636112122107964,-0.001915100267821334,0.0035031777079351186,1.6793521942475873,14127.0,0.7873265340244107,Mel:0.0004; Yasuo:0.0004; Akali:0.0002; Syndra:0.0001; Hwei:0.0001,Xerath:-0.0004; Ryze:-0.0002; Malzahar:-0.0002; Anivia:-0.0001; Galio:-0.0001,0.0,0.0,"Pantheon, Sion, Xerath",0.0098,0.68,0.95,unpopular,False,True,0.020618556701030983,True,0,0.0,0.0,,,,,,0.0033333333333333335,0.005158516926383665,0.6461805555555555,False,eb
Ahri,ahri,0.1125,0.5123,ahri,0.0617,208625,mid,16.07,plat_plus,https://op.gg/lol/champions/ahri/build/mid?region=global&tier=platinum_plus&patch=16.07,2026-04-07,0,0.0,,,0.506402007008581,-0.0004486770036861089,3.144186300207963e-17,0.00044867700368614034,0.0004548662222519099,-0.0009035432259380193,0.0022013153594403656,1.3893236194671388,167739.0,0.8040215698022768,Orianna:0.0001; Sylas:0.0001; Aurora:0.0001; Fizz:0.0000; Yasuo:0.0000,Mel:-0.0003; Yone:-0.0001; Galio:-0.0001; Smolder:-0.0000; Pantheon:-0.0000,0.0,0.0,"Pantheon, Sion, Xerath",0.1115,2.43,0.97,broad,False,False,0.008928571428571437,True,0,0.0,0.0,,,,,,0.0,0.06045137023105858,0.0,False,eb
Akali,akali,0.0674,0.5059,akali,0.19899999999999998,125633,mid,16.07,plat_plus,https://op.gg/lol/champions/akali/build/mid?region=global&tier=platinum_plus&patch=16.07,2026-04-07,0,0.0,,,0.500095685370005,-0.0007826870756867962,7.41594285980085e-17,0.0007826870756868704,0.0010051366653972456,-0.0017878237410840422,0.0029054568840403785,1.6189627536142677,99028.0,0.7882323911711095,Yone:0.0002; Malzahar:0.0002; Sylas:0.0001; Veigar:0.0001; Syndra:0.0001,Lissandra:-0.0003; Galio:-0.0003; Mel:-0.0003; Vex:-0.0001; Xerath:-0.0001,0.0,0.0,"Pantheon, Sion, Xerath",0.0674,2.13,1.02,popular,False,False,0.0,True,0,0.0,0.0,,,,,,0.0,0.036217087587318654,0.0,False,eb
Aurora,aurora,0.034300000000000004,0.4986,aurora,0.0245,63556,mid,16.07,plat_plus,https://op.gg/lol/champions/aurora/build/mid?region=global&tier=platinum_plus&patch=16.07,2026-04-07,0,0.0,,,0.4950379377386557,-0.00013841666578521834,2.688821387764051e-17,0.00013841666578524522,0.0005482625043387204,-0.0006866791701239391,0.0019289540084686415,1.2906010387989266,51952.0,0.8174208571968028,Azir:0.0001; Taliyah:0.0001; Ekko:0.0001; Vladimir:0.0000; Katarina:0.0000,Ahri:-0.0002; Smolder:-0.0001; Malphite:-0.0001; Yasuo:-0.0000; Sylas:-0.0000,0.0,0.0,"Pantheon, Sion, Xerath",0.0338,0.78,0.96,unpopular,False,False,0.014684287812041334,True,0,0.0,0.0,,,,,,0.0,0.018430951101558308,0.0,False,eb
Azir,azir,0.0229,0.46799999999999997,azir,0.0034999999999999996,42369,mid,16.07,plat_plus,https://op.gg/lol/champions/azir/build/mid?region=global&tier=platinum_plus&patch=16.07,2026-04-07,0,0.0,,,0.4664753793163217,-0.0004550738742778806,-4.7271214720367993e-17,0.00045507387427783336,0.0011289602017700816,-0.0015840340760479616,0.002304039330864371,1.4405800114700498,34489.0,0.8140149637706814,Orianna:0.0003; Yasuo:0.0003; Taliyah:0.0001; Ryze:0.0001; Malzahar:0.0001,Xerath:-0.0006; Hwei:-0.0002; Fizz:-0.0001; Viktor:-0.0001; Aurora:-0.0001,0.0,0.0,"Pantheon, Sion, Xerath",0.0226,0.43,1.09,niche,True,False,0.01318681318681326,True,0,0.0,0.0,,,,,,0.0,0.012305212251477703,0.0,False,eb
Cassiopeia,cassiopeia,0.013000000000000001,0.505,cassiopeia,0.012199999999999999,24217,mid,16.07,plat_plus,https://op.gg/lol/champions/cassiopeia/build/mid?region=global&tier=platinum_plus&patch=16.07,2026-04-07,0,0.0,,,0.4986483969336807,0.0007234139159927399,1.3335686721571705e-16,-0.0007234139159926065,0.0016092820860759435,-0.0008858681700832031,0.002212682172096929,1.7259601131878544,19716.0,0.8141388280959656,Ryze:0.0005; Akali:0.0002; Sylas:0.0002; Vladimir:0.0001; Diana:0.0001,Akshan:-0.0002; Zed:-0.0001; Aurelion Sol:-0.0001; Yasuo:-0.0001; Fizz:-0.0001,0.0,0.0,"Pantheon, Sion, Xerath",0.0128,0.37,0.88,unpopular,False,False,0.015503875968992286,True,0,0.0,0.0,,,,,,0.0,0.006985491671144548,0.0,False,eb
Cho'Gath,chogath,0.0055000000000000005,0.5073,chogath,0.0079,10267,mid,16.07,plat_plus,https://op.gg/lol/champions/chogath/build/mid?region=global&tier=platinum_plus&patch=16.07,2026-04-07,0,0.0,,,0.49642514261360565,-0.00020393817547115093,-7.654467337747661e-17,0.00020393817547107438,0.0008877202364552753,-0.0010916584119264254,0.002402954742517596,1.4588717208152224,8062.0,0.7852342456413752,Zed:0.0002; Yasuo:0.0001; Ahri:0.0001; Xerath:0.0001; Diana:0.0001,Ekko:-0.0002; Twisted Fate:-0.0001; Aurelion Sol:-0.0001; Mel:-0.0001; Hwei:-0.0001,0.0,0.0,"Pantheon, Sion, Xerath",0.005600000000000001,0.96,0.91,unpopular,False,True,0.018018018018018063,True,0,0.0,0.0,,,,,,0.0,0.0029554003224073087,0.0,False,eb
Galio,galio,0.0358,0.495,galio,0.015700000000000002,66804,mid,16.07,plat_plus,https://op.gg/lol/champions/galio/build/mid?region=global&tier=platinum_plus&patch=16.07,2026-04-07,0,0.0,,,0.4922574175932803,0.0017695091735979284,-2.4936649967166602e-17,-0.0017695091735979533,0.0027079091172650645,-0.0009383999436671362,0.0036732054254676565,1.8827553148698148,53286.0,0.797646847494162,Akali:0.0008; Veigar:0.0003; Diana:0.0002; Zed:0.0002; Sylas:0.0002,Yasuo:-0.0003; Hwei:-0.0001; Mel:-0.0001; Azir:-0.0001; Smolder:-0.0001,0.0,0.0,"Pantheon, Sion, Xerath",0.0356,0.98,0.8,unpopular,False,False,0.0056022408963585105,True,0,0.0,0.0,,,,,,0.0,0.01923696937130575,0.0,False,eb
Jayce,jayce,0.0066,0.502,jayce,0.0352,12358,mid,16.07,plat_plus,https://op.gg/lol/champions/jayce/build/mid?region=global&tier=platinum_plus&patch=16.07,2026-04-07,0,0.0,,,0.49810605375012024,0.0010661766566877093,-4.9764879717084654e-17,-0.0010661766566877591,0.0015673418435926726,-0.0005011651869049634,0.002790332648541734,1.8564597301955286,9902.0,0.8012623401844958,Yone:0.0002; Sylas:0.0002; Lissandra:0.0001; Lux:0.0001; Malzahar:0.0001,Akshan:-0.0001; Veigar:-0.0001; Aurora:-0.0001; Viktor:-0.0000; Galio:-0.0000,0.0,0.0,"Pantheon, Sion, Xerath",0.0066,0.78,0.94,unpopular,False,True,0.0,True,0,0.0,0.0,,,,,,0.0,0.00354648038688877,0.0,False,eb
Orianna,orianna,0.042300000000000004,0.4805,orianna,0.0085,78833,mid,16.07,plat_plus,https://op.gg/lol/champions/orianna/build/mid?region=global&tier=platinum_plus&patch=16.07,2026-04-07,0,0.0,,,0.4786615550797901,0.0005897192921721224,7.26415455565288e-18,-0.0005897192921721151,0.001467117976542225,-0.000877398684370103,0.0025822963441148833,1.416288918457534,64520.0,0.8184389786003323,Viktor:0.0003; Ryze:0.0002; Katarina:0.0002; Malzahar:0.0002; Taliyah:0.0001,Yasuo:-0.0002; Ahri:-0.0002; Smolder:-0.0001; Twisted Fate:-0.0001; Aurelion Sol:-0.0001,0.0,0.0,"Pantheon, Sion, Xerath",0.04190000000000001,0.78,0.82,unpopular,False,False,0.009501187648455998,True,0,0.0,0.0,,,,,,0.0,0.022729715206878026,0.0,False,eb
Ryze,ryze,0.0331,0.4733,ryze,0.0087,61748,mid,16.07,plat_plus,https://op.gg/lol/champions/ryze/build/mid?region=global&tier=platinum_plus&patch=16.07,2026-04-07,0,0.0,,,0.4712329945535855,4.337421584575934e-06,3.426078865054194e-17,-4.337421584541673e-06,0.0013475768061352593,-0.0013432393845506832,0.002510679685546622,1.706912981393073,49879.0,0.8077832480404223,Sylas:0.0003; Xerath:0.0002; Azir:0.0001; Diana:0.0001; Yasuo:0.0001,Viktor:-0.0002; Mel:-0.0002; Anivia:-0.0002; Katarina:-0.0001; Malzahar:-0.0001,0.0,0.0,"Pantheon, Sion, Xerath",0.033,0.74,0.82,unpopular,False,False,0.003025718608169317,True,0,0.0,0.0,,,,,,0.0,0.017786136485760346,0.0,False,eb
Smolder,smolder,0.0105,0.4692,smolder,0.063,19622,mid,16.07,plat_plus,https://op.gg/lol/champions/smolder/build/mid?region=global&tier=platinum_plus&patch=16.07,2026-04-07,0,0.0,,,0.4611718539983093,0.009267367671224684,-3.946495907847236e-17,-0.009267367671224724,0.010449979316995468,-0.0011826116457707835,0.00887028455567479,6.079524400959239,15419.0,0.785801651207828,Malzahar:0.0062; Galio:0.0008; Fizz:0.0004; Xerath:0.0004; Viktor:0.0003,Talon:-0.0004; Akali:-0.0002; Vladimir:-0.0002; Anivia:-0.0001; Azir:-0.0001,0.0,0.0,"Pantheon, Sion, Xerath",0.0109,2.3,1.13,popular,False,False,0.03738317757009339,True,0,0.0,0.0,,,,,,0.0,0.005642127888232134,0.0,False,eb
Sylas,sylas,0.0687,0.49520000000000003,sylas,0.12990000000000002,127952,mid,16.07,plat_plus,https://op.gg/lol/champions/sylas/build/mid?region=global&tier=platinum_plus&patch=16.07,2026-04-07,0,0.0,,,0.4904235423981121,0.0005966739552714862,-9.540979117872439e-18,-0.0005966739552714957,0.0013690127058938848,-0.0007723387506223985,0.002967797906057501,1.5334640712082628,101991.0,0.7971036013505064,Malzahar:0.0003; Malphite:0.0002; Twisted Fate:0.0001; Lux:0.0001; Veigar:0.0001,Syndra:-0.0002; Mel:-0.0001; Smolder:-0.0001; Vex:-0.0000; Galio:-0.0000,0.0,0.0,"Pantheon, Sion, Xerath",0.0689,2.82,0.89,broad,False,False,0.0029069767441861297,True,0,0.0,0.0,,,,,,0.0,0.0369156367544331,0.0,False,eb
Syndra,syndra,0.0467,0.5006,syndra,0.0288,86397,mid,16.07,plat_plus,https://op.gg/lol/champions/syndra/build/mid?region=global&tier=platinum_plus&patch=16.07,2026-04-07,0,0.0,,,0.49407676149889845,-0.0003276201124244064,-3.122502256758253e-17,0.0003276201124243752,0.0013876577644912316,-0.0017152778769156383,0.0029413995725202525,1.2973388297206978,70230.0,0.8128754470641342,Orianna:0.0002; Katarina:0.0002; Mel:0.0002; Ryze:0.0001; Yasuo:0.0001,Xerath:-0.0004; Fizz:-0.0002; Talon:-0.0002; Yone:-0.0002; Akali:-0.0001,0.0,0.0,"Pantheon, Sion, Xerath",0.0464,0.89,0.99,unpopular,False,False,0.006444683136412496,True,0,0.0,0.0,,,,,,0.0,0.02509403546480387,0.0,False,eb
Taliyah,taliyah,0.0124,0.484,taliyah,0.0031,23069,mid,16.07,plat_plus,https://op.gg/lol/champions/taliyah/build/mid?region=global&tier=platinum_plus&patch=16.07,2026-04-07,0,0.0,,,0.4834014687371989,0.001338434229270395,2.045347398393904e-16,-0.0013384342292701906,0.002582016845850897,-0.001243582616580502,0.0030507336824366622,1.4487954574249244,18986.0,0.823009233170055,Yasuo:0.0009; Katarina:0.0004; Zed:0.0002; Fizz:0.0002; Ryze:0.0002,Malphite:-0.0002; Lux:-0.0002; Aurora:-0.0001; Smolder:-0.0001; Twisted Fate:-0.0001,0.0,0.0,"Pantheon, Sion, Xerath",0.012199999999999999,0.32,0.89,unpopular,False,False,0.01626016260162606,True,0,0.0,0.0,,,,,,0.0,0.006663084363245568,0.0,False,eb
Talon,talon,0.024900000000000002,0.4839,talon,0.0417,46466,mid,16.07,plat_plus,https://op.gg/lol/champions/talon/build/mid?region=global&tier=platinum_plus&patch=16.07,2026-04-07,0,0.0,,,0.4864587956008738,-0.0003885746128472617,1.1188966420050406e-16,0.0003885746128473736,0.0010778257305711395,-0.001466400343418401,0.0023890579652804697,1.7895757554693752,36830.0,0.7926225627340421,Syndra:0.0002; Akali:0.0002; Kassadin:0.0001; Vel'Koz:0.0001; Aurelion Sol:0.0001,Lissandra:-0.0003; Vex:-0.0002; Xerath:-0.0002; Malphite:-0.0001; Viktor:-0.0001,0.0,0.0,"Pantheon, Sion, Xerath",0.024900000000000002,1.17,1.09,popular,False,False,0.0,True,0,0.0,0.0,,,,,,0.0,0.013379903277807633,0.0,False,eb
Vladimir,vladimir,0.0294,0.504,vladimir,0.0391,54416,mid,16.07,plat_plus,https://op.gg/lol/champions/vladimir/build/mid?region=global&tier=platinum_plus&patch=16.07,2026-04-07,0,0.0,,,0.496405702840655,0.00010719452691284725,-2.42861286636753e-17,-0.00010719452691287153,0.0013774403388526618,-0.0012702458119398141,0.0024502755539291435,1.49216163795908,44014.0,0.8088429873566598,Yasuo:0.0005; Katarina:0.0003; Viktor:0.0001; Zoe:0.0001; Yone:0.0001,Malzahar:-0.0002; Anivia:-0.0001; Irelia:-0.0001; Sylas:-0.0001; Azir:-0.0001,0.0,0.0,"Pantheon, Sion, Xerath",0.0294,0.8,1.06,niche,True,False,0.0,True,0,0.0,0.0,,,,,,0.0,0.015797958087049976,0.0,False,eb
Yasuo,yasuo,0.08789999999999999,0.49829999999999997,yasuo,0.195,162907,mid,16.07,plat_plus,https://op.gg/lol/champions/yasuo/build/mid?region=global&tier=platinum_plus&patch=16.07,2026-04-07,0,0.0,,,0.4950236634078156,-0.002263003133107749,-1.474514954580286e-17,0.0022630031331077344,0.0006952562584010881,-0.0029582593915088383,0.0033321876011835247,2.2925559325982943,124182.0,0.7622876856120363,Viktor:0.0002; Galio:0.0001; Sion:0.0001; Zed:0.0001; Xerath:0.0001,Lissandra:-0.0006; Pantheon:-0.0003; Annie:-0.0002; Syndra:-0.0002; Mel:-0.0002,0.0,0.0,"Pantheon, Sion, Xerath",0.0883,3.23,1.19,popular,True,False,0.004540295119182877,True,0,0.0,0.0,,,,,,0.0,0.04723267060720043,0.0,False,eb
Yone,yone,0.0571,0.4892,yone,0.054400000000000004,105803,mid,16.07,plat_plus,https://op.gg/lol/champions/yone/build/mid?region=global&tier=platinum_plus&patch=16.07,2026-04-07,0,0.0,,,0.4823452269636393,0.0013241571466662602,2.3635607360183997e-17,-0.0013241571466662365,0.00209490283344049,-0.0007707456867742305,0.002362310989995032,1.536120958170321,81899.0,0.7740706785251836,Yasuo:0.0008; Aurelion Sol:0.0002; Kassadin:0.0001; Azir:0.0001; Ahri:0.0001,Akali:-0.0001; Smolder:-0.0001; Xerath:-0.0001; Orianna:-0.0001; Malzahar:-0.0001,0.0,0.0,"Pantheon, Sion, Xerath",0.0575,2.84,1.02,popular,False,False,0.006980802792321195,True,0,0.0,0.0,,,,,,0.0,0.030682428801719508,0.0,False,eb
Zoe,zoe,0.0334,0.5025,zoe,0.0489,62134,mid,16.07,plat_plus,https://op.gg/lol/champions/zoe/build/mid?region=global&tier=platinum_plus&patch=16.07,2026-04-07,0,0.0,,,0.49788002196106845,-0.0008126076987202903,-5.681219383824043e-17,0.0008126076987202335,0.0004092802788217676,-0.0012218879775420571,0.0018753182069427999,2.0692293179137446,50580.0,0.8140470595809057,Veigar:0.0000; Malphite:0.0000; Nasus:0.0000; Ahri:0.0000; Aurora:0.0000,Morgana:-0.0002; Mel:-0.0001; Smolder:-0.0001; Naafiri:-0.0001; Sylas:-0.0001,0.0,0.0,"Pantheon, Sion, Xerath",0.0332,0.79,1.22,niche,True,False,0.00600600600600597,True,0,0.0,0.0,,,,,,0.0,0.017947340139709837,0.0,False,eb
